0104603735842226215;r42Bs93x49R
0104603735842226215<'2HS!93oEje
0104603735842226215==OpJp93V5gd
0104603735842226215=lA'by93wH79
0104603735842226215=w1orE93FbnM
0104603735842226215=yc'DS932D6e
0104603735842226215=YEaEs93O4vs
0104603735842226215>jfET%93/EQi
0104603735842226215?pGTfb93mR9i
0104603735842226215?zbQsR93Dr1o
0104603735842226215A!RE%V933WHK
0104603735842226215Ae&del93tiiy
0104603735842226215Aet4WA935tPS
0104603735842226215aiJf8'9370QQ
0104603735842226215atZZ:v93/S9r
0104603735842226215B7Wa.R9392LO
0104603735842226215B<InHC93sZiW
0104603735842226215BC/rIG93dgdh
0104603735842226215bOjMet93c1/l
0104603735842226215brTqrt938y6/
0104603735842226215b_Vs&Z93qL0S
0104603735842226215C"p6vt93rvIU
0104603735842226215caHliI93OPg/
0104603735842226215CF?fMC93FyfD
0104603735842226215CIcnKs93a/II
0104603735842226215cIJ/QG93J1di
0104603735842226215cK/gRu93K7iG
0104603735842226215cm6hta93AP+c
0104603735842226215CQH>dZ93Ja0o
0104603735842226215cZjc<u93vIbN
0104603735842226215cZTX*_93QMXX
0104603735842226215d!YFaK93HcX3
0104603735842226215d5wQBV93mAIQ
0104603735842226215dHpXd.93oRrA
0104603735842226215dUIIVr93uj3K
0104603735842226215E'Jcd%931koT
0104603735842226215e2ZNtF93D7pG
0104603735842226215eENQD993jxVB
0104603735842226215EevHKX93L5Bd
0104603735842226215eFYJ8N93utqc
0104603735842226215EgA"PW93BK4s
0104603735842226215eSp/A!93jgi+
0104603735842226215ExY3Xg93oF24
0104603735842226215F<3CI193/MYy
0104603735842226215F<u5l/938t4M
0104603735842226215fjtHa-93Idof
0104603735842226215fJUF6i93NWxE
0104603735842226215FtRCHY93xeZ9